key,key:booking,key:passenger
bookingPassenger-01,booking-01,passenger-01
bookingPassenger-02,booking-02,passenger-02
bookingPassenger-03,booking-03,passenger-03
bookingPassenger-04,booking-04,passenger-04
bookingPassenger-05,booking-05,passenger-05
bookingPassenger-06,booking-06,passenger-06
bookingPassenger-07,booking-07,passenger-07
bookingPassenger-08,booking-08,passenger-08
bookingPassenger-09,booking-09,passenger-09
bookingPassenger-10,booking-10,passenger-10
bookingPassenger-11,booking-11,passenger-11
bookingPassenger-12,booking-12,passenger-12
bookingPassenger-13,booking-13,passenger-13
bookingPassenger-14,booking-14,passenger-14